<?xml version="1.0" encoding="Shift_JIS"?>
<?xml-stylesheet type="text/xsl" href="hoot.xsl"?>
<!DOCTYPE gamelist [
	<!ELEMENT gamelist (game|bind|childlists)*>
	<!ATTLIST gamelist date CDATA #IMPLIED>
	<!ELEMENT childlists (list)*>
	<!ELEMENT list (#PCDATA)>
	<!ELEMENT bind (exts,driver,options?)>
	<!ELEMENT exts (ext)*>
	<!ELEMENT ext (#PCDATA)>
	<!ELEMENT game (name,driver,driveralias?,options?,romlist?,titlelist?)>
	<!ELEMENT name (#PCDATA)>
	<!ELEMENT driver (#PCDATA)>
	<!ATTLIST driver type CDATA #IMPLIED>
	<!ELEMENT driveralias (#PCDATA)>
	<!ATTLIST driveralias type CDATA #IMPLIED>
	<!ELEMENT options (option)*>
	<!ELEMENT option EMPTY>
	<!ATTLIST option name CDATA #REQUIRED
		 value CDATA #REQUIRED>
	<!ELEMENT romlist (rom)*>
	<!ATTLIST romlist archive CDATA #IMPLIED>
	<!ELEMENT rom (#PCDATA)>
	<!ATTLIST rom type CDATA #REQUIRED
		offset CDATA #IMPLIED>
	<!ELEMENT titlelist (title|range)*>
	<!ELEMENT title (#PCDATA)>
	<!ATTLIST title code CDATA #REQUIRED
					type CDATA #IMPLIED>
	<!ELEMENT range (#PCDATA)>
	<!ATTLIST range min CDATA #REQUIRED
					max CDATA #REQUIRED
					extcode CDATA #IMPLIED>
]>
<gamelist date="2005/09/25">
	<!-- //yunsung -->
	<game>
  	<name>[Yunsung 16] Magic Bubble</name>
  	<driver type="yunsun16">yunsung</driver>
		<driveralias type="Arcade">yunsung</driveralias>
  	<romlist archive="magicbub">
  		<rom type="code" offset="0x0000">magbuble.143</rom>
  		<rom type="pcm" offset="0x0000">magbuble.131</rom>
  	</romlist>
  	<titlelist>
			<title code="0x40">BGM #40</title>
			<title code="0x41">BGM #41</title>
			<title code="0x42">BGM #42</title>
			<title code="0x43">BGM #43</title>
			<title code="0x44">BGM #44</title>
			<title code="0x45">BGM #45</title>
			<title code="0x46">BGM #46</title>
			<title code="0x47">BGM #47</title>
			<title code="0x48">BGM #48</title>
			<title code="0x49">BGM #49</title>
  	</titlelist>
  </game>
	<game>
  	<name>[NMG5] New Multi Game 5</name>
  	<driver type="nmg5">yunsung</driver>
		<driveralias type="Arcade">yunsung</driveralias>
  	<romlist archive="nmg5">
  		<rom type="code" offset="0x0000">xh15.bin</rom>
  		<rom type="pcm" offset="0x0000">xra1.bin</rom>
  	</romlist>
  	<titlelist>
			<title code="0x40">BGM #40</title>
			<title code="0x41">BGM #41</title>
			<title code="0x42">BGM #42</title>
			<title code="0x43">BGM #43</title>
			<title code="0x44">BGM #44</title>
			<title code="0x45">BGM #45</title>
			<title code="0x46">BGM #46</title>
			<title code="0x47">BGM #47</title>
  	</titlelist>
  </game>
	<game>
  	<name>[NMG5] Search Eye</name>
  	<driver type="nmg5">yunsung</driver>
		<driveralias type="Arcade">yunsung</driveralias>
  	<romlist archive="searchey">
  		<rom type="code" offset="0x0000">u128.bin</rom>
  		<rom type="pcm" offset="0x0000">u137.bin</rom>
  	</romlist>
  	<titlelist>
			<title code="0x40">BGM #40</title>
			<title code="0x41">BGM #41</title>
			<title code="0x42">BGM #42</title>
			<title code="0x43">BGM #43</title>
			<title code="0x44">BGM #44</title>
			<title code="0x45">BGM #45</title>
			<title code="0x46">BGM #46</title>
			<title code="0x47">BGM #47</title>
			<title code="0x48">BGM #48</title>
			<title code="0x49">BGM #49</title>
  	</titlelist>
  </game>
	<game>
  	<name>[NMG5] Puzzle Club</name>
  	<driver type="pclubys">yunsung</driver>
		<driveralias type="Arcade">yunsung</driveralias>
  	<romlist archive="pclubys">
  		<rom type="code" offset="0x0000">rom1.128</rom>
  		<rom type="pcm" offset="0x0000">rom2.137</rom>
  	</romlist>
  	<titlelist>
			<title code="0x40">BGM #40</title>
			<title code="0x41">BGM #41</title>
			<title code="0x42">BGM #42</title>
			<title code="0x43">BGM #43</title>
			<title code="0x44">BGM #44</title>
			<title code="0x45">BGM #45</title>
			<title code="0x46">BGM #46</title>
			<title code="0x47">BGM #47</title>
			<title code="0x48">BGM #48</title>
			<title code="0x49">BGM #49</title>
			<title code="0x4a">BGM #4a</title>
			<title code="0x4b">BGM #4b</title>
			<title code="0x4c">BGM #4c</title>
			<title code="0x4d">BGM #4d</title>
			<title code="0x4e">BGM #4e</title>
			<title code="0x4f">BGM #4f</title>
			<title code="0x50">BGM #50</title>
			<title code="0x51">BGM #51</title>
			<title code="0x52">BGM #52</title>
			<title code="0x53">BGM #53</title>
  	</titlelist>
  </game>
	<game>
  	<name>[NMG5] Garogun Seroyang</name>
  	<driver type="pclubys">yunsung</driver>
		<driveralias type="Arcade">yunsung</driveralias>
  	<romlist archive="garogun">
  		<rom type="code" offset="0x0000">rom.u128</rom>
  		<rom type="pcm" offset="0x0000">s.u137</rom>
  	</romlist>
  	<titlelist>
			<title code="0x40">BGM #40</title>
			<title code="0x41">BGM #41</title>
			<title code="0x42">BGM #42</title>
			<title code="0x43">BGM #43</title>
			<title code="0x44">BGM #44</title>
			<title code="0x45">BGM #45</title>
			<title code="0x46">BGM #46</title>
			<title code="0x47">BGM #47</title>
			<title code="0x48">BGM #48</title>
			<title code="0x49">BGM #49</title>
			<title code="0x4a">BGM #4a</title>
  	</titlelist>
  </game>
	<game>
  	<name>[NMG5] 7 Ordi</name>
  	<driver type="pclubys">yunsung</driver>
		<driveralias type="Arcade">yunsung</driveralias>
  	<romlist archive="7ordi">
  		<rom type="code" offset="0x0000">4.u128</rom>
  		<rom type="pcm" offset="0x0000">3.u137</rom>
  	</romlist>
  	<titlelist>
			<title code="0x40">BGM #40</title>
			<title code="0x41">BGM #41</title>
			<title code="0x42">BGM #42</title>
			<title code="0x43">BGM #43</title>
			<title code="0x44">BGM #44</title>
			<title code="0x45">BGM #45</title>
			<title code="0x46">BGM #46</title>
  	</titlelist>
  </game>
	<game>
  	<name>[NMG5] Wonder Stick</name>
  	<driver type="nmg5">yunsung</driver>
		<driveralias type="Arcade">yunsung</driveralias>
  	<romlist archive="wondstck">
  		<rom type="code" offset="0x0000">u128.bin</rom>
  		<rom type="pcm" offset="0x0000">u137.bin</rom>
  	</romlist>
  	<titlelist>
			<title code="0x40">BGM #40</title>
			<title code="0x41">BGM #41</title>
			<title code="0x42">BGM #42</title>
			<title code="0x43">BGM #43</title>
			<title code="0x44">BGM #44</title>
			<title code="0x45">BGM #45</title>
			<title code="0x46">BGM #46</title>
			<title code="0x47">BGM #47</title>
  	</titlelist>
  </game>
</gamelist>
